longitude,latitude,reliability,annual_mean_temperature,mean_diurnal_range,isothermality,temperature_seasonality,max_temperature_warmest_month,min_temperature_coldest_month,temperature_annual_range,mean_temperature_wettest_quarter,mean_temperature_driest_quarter,mean_temperature_warmest_quarter,mean_temperature_coldest_quarter,annual_precipitation,precipitation_wettest_month,precipitation_driest_month,precipitation_seasonality,precipitation_wettest_quarter,precipitation_driest_quarter,precipitation_warmest_quarter,precipitation_coldest_quarter,aridity_index,topsoil_ph,subsoil_ph,topsoil_texture,subsoil_texture,elevation
73.10033724622993,18.94668621725424,0.07925698624473654,0.6867469879518072,0.8222222222222222,0.15789473684210525,0.7109589041095891,0.7115384615384616,0.25609756097560976,0.7978723404255319,0.8,0.45054945054945056,0.7931034482758621,0.5125,0.7690827453495831,0.9205882352941176,0.0,0.9722222222222222,0.8389175257731959,0.0,0.6686746987951807,0.00055005500550055,0.667419428921381,0.8157894588243266,0.8400000254313151,1.0,0.4166666666666667,0.06643835616438357
73.07724065789115,17.942994008577276,0.053459131808045623,0.6867469879518072,0.2222222222222222,0.2631578947368421,0.24794520547945206,0.49038461538461536,0.6463414634146342,0.2127659574468085,0.7058823529411765,0.5384615384615384,0.6896551724137931,0.65,0.7171263630532393,0.7764705882352941,0.0,0.9074074074074074,0.7966494845360824,0.0,0.8423694779116466,0.0013751375137513752,0.5746765674041185,0.6447368627439908,0.6666666666666666,1.0,0.25,0.11095890410958904
73.12134386873244,17.976616265993083,0.041628819114126636,0.8313253012048193,0.2,0.2631578947368421,0.2602739726027397,0.5865384615384616,0.7926829268292683,0.19148936170212766,0.8823529411764706,0.6483516483516484,0.8275862068965517,0.8,0.5764378875347445,0.6023529411764705,0.0,0.8796296296296297,0.6425257731958763,0.0,0.7479919678714859,0.0013751375137513752,0.5066600321518794,0.6447368627439908,0.6666666666666666,1.0,0.25,0.0061643835616438354
74.5242455357259,14.141769183244907,0.04277530294019305,0.7951807228915663,0.6666666666666666,0.6842105263157895,0.16095890410958905,0.6538461538461539,0.6341463414634146,0.40425531914893614,0.7294117647058823,0.7252747252747253,0.7931034482758621,0.8375,0.7466324567030147,0.741764705882353,0.0,0.7962962962962963,0.7742268041237114,0.015625,0.10240963855421686,0.7695269526952695,0.7399908137487561,0.7105263372537505,0.6933333079020182,0.5,1.0,0.08767123287671233
73.48921895579932,16.72063617765216,0.04868011676870643,0.7831325301204819,0.6444444444444445,0.42105263157894735,0.3321917808219178,0.6923076923076923,0.573170731707317,0.5,0.788235294117647,0.6483516483516484,0.8160919540229885,0.7625,0.683557836219799,0.7605882352941177,0.0,0.8796296296296297,0.7430412371134021,0.0078125,0.857429718875502,0.0022002200220022,0.6477838168873918,0.6447368627439908,0.6666666666666666,1.0,0.25,0.12945205479452054
75.06166279602805,13.140601883733183,0.06414851028362767,0.6626506024096386,0.6444444444444445,0.5263157894736842,0.2513698630136986,0.6346153846153846,0.5487804878048781,0.4574468085106383,0.5764705882352941,0.6593406593406593,0.7126436781609196,0.6875,0.983750267265341,1.0,0.0,0.7962962962962963,1.0,0.0546875,0.18775100401606426,0.9878987898789879,0.9480211283778611,0.6447368627439908,0.6666666666666666,1.0,0.25,0.20684931506849316
73.27324873379567,17.377977508928367,0.04547616221514805,0.7349397590361446,0.4,0.3684210526315789,0.2815068493150685,0.5769230769230769,0.6341463414634146,0.3191489361702128,0.7411764705882353,0.5824175824175825,0.7471264367816092,0.7125,0.6172760316442164,0.6741176470588235,0.0,0.8796296296296297,0.6783505154639176,0.0,0.7590361445783133,0.0016501650165016502,0.5367067289290363,0.9605263529391835,1.0,1.0,0.75,0.14931506849315068
74.82183652542273,13.607295752146285,0.05262865977391773,0.8313253012048193,0.6888888888888889,0.631578947368421,0.20616438356164385,0.7307692307692307,0.6829268292682927,0.44680851063829785,0.7647058823529411,0.7912087912087912,0.8505747126436781,0.8625,0.9324353217874706,0.9311764705882353,0.0,0.7777777777777778,0.9337628865979382,0.0234375,0.1817269076305221,0.9326182618261826,0.911620607823624,0.6447368627439908,0.6666666666666666,1.0,0.25,0.04726027397260274
73.67141097929228,15.875730158627768,0.047528729548536375,0.7831325301204819,0.7777777777777778,0.5789473684210527,0.2273972602739726,0.6634615384615384,0.5121951219512195,0.5212765957446809,0.7647058823529411,0.6703296703296703,0.7816091954022989,0.7875,0.603592046183451,0.6611764705882353,0.0,0.8611111111111112,0.6605670103092783,0.0,0.9457831325301205,0.0022002200220022,0.5929342417515119,0.6447368627439908,0.6666666666666666,1.0,0.25,0.1047945205479452
73.05906743205294,19.15477363958697,0.062283185440317856,0.8433734939759037,0.8,0.15789473684210525,0.7664383561643836,0.8076923076923077,0.4024390243902439,0.776595744680851,0.9882352941176471,0.5714285714285714,0.9310344827586207,0.65,0.44259140474663244,0.5341176470588235,0.0,0.9166666666666666,0.5007731958762887,0.0078125,0.4939759036144578,0.000275027502750275,0.3473551251626732,0.8684210509804807,0.9066666920979818,1.0,0.8333333333333334,0.010958904109589041
73.45834174283769,16.77744151160617,0.047220132798212466,0.7831325301204819,0.6444444444444445,0.42105263157894735,0.3376712328767123,0.6826923076923077,0.573170731707317,0.48936170212765956,0.788235294117647,0.6373626373626373,0.8160919540229885,0.7625,0.6628180457558264,0.7335294117647059,0.0,0.8796296296296297,0.7221649484536082,0.0078125,0.8504016064257028,0.0022002200220022,0.5773176146367603,0.6447368627439908,0.6666666666666666,1.0,0.25,0.07808219178082192
76.42580175067685,10.477328586227792,0.04393868545329205,0.43373493975903615,0.6444444444444445,0.631578947368421,0.19315068493150686,0.47115384615384615,0.3902439024390244,0.4148936170212766,0.36470588235294116,0.4835164835164835,0.47126436781609193,0.475,0.42377592473807996,0.31882352941176473,0.36666666666666664,0.4166666666666667,0.3255154639175258,0.4921875,0.2891566265060241,0.37238723872387236,0.6930261042639516,0.6315789803903853,0.6400000254313151,1.0,0.4166666666666667,0.4876712328767123
72.90405385554217,18.729004344474852,0.051562526143453025,0.7831325301204819,0.5333333333333333,0.10526315789473684,0.6383561643835617,0.6538461538461539,0.4634146341463415,0.5531914893617021,0.9294117647058824,0.5164835164835165,0.8390804597701149,0.625,0.3713919178960872,0.4123529411764706,0.0,0.8703703703703703,0.42216494845360825,0.0,0.5160642570281124,0.000275027502750275,0.31803567327566407,0.8157894588243266,0.8400000254313151,1.0,0.4166666666666667,0.017123287671232876
73.457966762474,16.917007776235906,0.04988823514018781,0.7108433734939759,0.6444444444444445,0.42105263157894735,0.35205479452054794,0.6346153846153846,0.5,0.5,0.7176470588235294,0.5714285714285714,0.7471264367816092,0.6875,0.659824673936284,0.7476470588235294,0.0,0.8888888888888888,0.7198453608247423,0.0078125,0.786144578313253,0.0022002200220022,0.5961877057337518,0.6447368627439908,0.6666666666666666,1.0,0.25,0.17465753424657535
72.89242880450547,18.616173225074526,0.05388296355569022,0.7831325301204819,0.5111111111111111,0.10526315789473684,0.6226027397260274,0.625,0.45121951219512196,0.5319148936170213,0.9176470588235294,0.5164835164835165,0.8275862068965517,0.6125,0.33974770151806716,0.37,0.0,0.8518518518518519,0.3884020618556701,0.0,0.5130522088353414,0.00055005500550055,0.30352905151955906,0.9605263529391835,1.0,1.0,0.75,0.005479452054794521
73.33943611260032,17.400189235414913,0.04467340133793152,0.7469879518072289,0.4666666666666667,0.3684210526315789,0.3267123287671233,0.6153846153846154,0.6097560975609756,0.3829787234042553,0.7529411764705882,0.5934065934065934,0.7701149425287356,0.7125,0.6388710711994868,0.7076470588235294,0.0,0.8888888888888888,0.6994845360824742,0.0,0.7449799196787149,0.0016501650165016502,0.5865038658807319,0.6447368627439908,0.6666666666666666,1.0,0.25,0.10136986301369863
77.46554779899164,8.36136136425082,0.09588758563652522,0.24096385542168675,0.4222222222222222,0.7368421052631579,0.08356164383561644,0.18269230769230768,0.2804878048780488,0.19148936170212766,0.23529411764705882,0.21978021978021978,0.22988505747126436,0.225,0.1436818473380372,0.017058823529411765,0.9,0.018518518518518517,0.028350515463917526,0.8984375,0.23092369477911648,0.09020902090209021,0.30839010946949397,0.6447368627439908,0.6666666666666666,1.0,0.25,0.7116438356164384
73.96464368628926,15.434597219477663,0.04063254819281947,0.8674698795180723,0.6444444444444445,0.42105263157894735,0.3116438356164384,0.7596153846153846,0.6585365853658537,0.5,0.8588235294117647,0.7472527472527473,0.896551724137931,0.875,0.4242035492837289,0.45235294117647057,0.0,0.8240740740740741,0.4670103092783505,0.0078125,0.7751004016064257,0.0027502750275027505,0.45812600474622983,0.7105263372537505,0.6933333079020182,0.5,1.0,0.031506849315068496
73.01744645788699,18.10271310517588,0.04367132042401922,0.7951807228915663,0.2222222222222222,0.15789473684210525,0.33424657534246577,0.5769230769230769,0.7073170731707317,0.2553191489361702,0.8705882352941177,0.5934065934065934,0.8045977011494253,0.7375,0.5462903570664956,0.5617647058823529,0.0,0.8796296296296297,0.6113402061855671,0.0,0.7309236947791165,0.0008250825082508251,0.46340809921151344,0.8157894588243266,0.8400000254313151,1.0,0.4166666666666667,0.028767123287671233
72.78152924136073,19.433351022522515,0.06115805574342248,0.8072289156626506,0.6444444444444445,0.10526315789473684,0.7575342465753425,0.7019230769230769,0.4024390243902439,0.6595744680851063,0.9529411764705882,0.5164835164835165,0.8850574712643678,0.6,0.3202907846910413,0.3864705882352941,0.0,0.8888888888888888,0.3664948453608247,0.015625,0.4246987951807229,0.000275027502750275,0.1926816198423027,0.9605263529391835,1.0,1.0,0.75,0.009589041095890411
73.28856459487604,17.521475945190694,0.0444568520195866,0.7349397590361446,0.37777777777777777,0.3684210526315789,0.28904109589041094,0.5865384615384616,0.6585365853658537,0.30851063829787234,0.7529411764705882,0.5934065934065934,0.7586206896551724,0.7125,0.646354500748343,0.7135294117647059,0.0,0.8888888888888888,0.7105670103092784,0.0,0.7580321285140562,0.0016501650165016502,0.6059480976804715,0.6447368627439908,0.6666666666666666,1.0,0.25,0.11986301369863013
72.7636585267178,19.628308911923273,0.06743187823385743,0.7951807228915663,0.6666666666666666,0.05263157894736842,0.8383561643835616,0.7211538461538461,0.35365853658536583,0.723404255319149,0.9647058823529412,0.4945054945054945,0.8850574712643678,0.575,0.26854821466752193,0.3547058823529412,0.03333333333333333,0.8981481481481481,0.3131443298969072,0.0234375,0.3744979919678715,0.00055005500550055,0.1898109163285616,0.9605263529391835,1.0,1.0,0.75,0.00821917808219178
74.67880314971869,13.784210294556374,0.0421099627148831,0.8554216867469879,0.6666666666666666,0.5789473684210527,0.21986301369863015,0.7307692307692307,0.6951219512195121,0.43617021276595747,0.788235294117647,0.7802197802197802,0.8735632183908046,0.9,0.8300192431045542,0.8117647058823529,0.0,0.7592592592592593,0.820360824742268,0.0234375,0.17771084337349397,0.8267326732673267,0.7373880425629641,0.6447368627439908,0.6666666666666666,1.0,0.25,0.01643835616438356
72.91369113710726,18.404583936095978,0.04591200364019277,0.7951807228915663,0.37777777777777777,0.10526315789473684,0.4986301369863014,0.6057692307692307,0.5609756097560976,0.4148936170212766,0.9058823529411765,0.5494505494505495,0.8160919540229885,0.6625,0.4081676288218944,0.43176470588235294,0.0,0.8611111111111112,0.4621134020618557,0.0,0.5973895582329317,0.000275027502750275,0.36159381459082907,0.8157894588243266,0.8400000254313151,1.0,0.4166666666666667,0.0136986301369863
73.20919846074548,17.677462427089573,0.05010789009795391,0.6987951807228916,0.28888888888888886,0.3157894736842105,0.2650684931506849,0.5288461538461539,0.6463414634146342,0.2553191489361702,0.7058823529411765,0.5604395604395604,0.7126436781609196,0.675,0.6824887748556767,0.7588235294117647,0.0,0.9074074074074074,0.756701030927835,0.0,0.7881526104417671,0.0013751375137513752,0.6539462604302227,0.6447368627439908,0.6666666666666666,1.0,0.25,0.2184931506849315
72.86538943910554,19.456988207439316,0.06595666720970794,0.7590361445783133,0.7111111111111111,0.10526315789473684,0.7897260273972603,0.7019230769230769,0.32926829268292684,0.723404255319149,0.9176470588235294,0.4725274725274725,0.8505747126436781,0.55,0.3822963438101347,0.47294117647058825,0.0,0.9166666666666666,0.4311855670103093,0.015625,0.4407630522088353,0.000275027502750275,0.30567251014315244,0.9605263529391835,1.0,1.0,0.75,0.1363013698630137
77.49420637515425,8.279216601701702,0.04563782839297892,0.6385542168674698,0.4222222222222222,0.7368421052631579,0.15342465753424658,0.49038461538461536,0.6585365853658537,0.20212765957446807,0.5411764705882353,0.5604395604395604,0.6091954022988506,0.6125,0.07077186230489631,0.007647058823529412,0.7333333333333333,0.10185185185185185,0.014948453608247423,0.7265625,0.15963855421686746,0.08443344334433443,0.1419658577662099,0.6447368627439908,0.6666666666666666,1.0,0.25,0.32602739726027397
73.70738391095784,15.93113267121116,0.048328236396449564,0.8192771084337349,0.8222222222222222,0.5789473684210527,0.2547945205479452,0.7211538461538461,0.524390243902439,0.574468085106383,0.8235294117647058,0.7032967032967034,0.8275862068965517,0.825,0.6144964720974984,0.6623529411764706,0.0,0.8518518518518519,0.6677835051546391,0.0,0.9598393574297188,0.0027502750275027505,0.5795376253540534,0.6447368627439908,0.6666666666666666,1.0,0.25,0.04315068493150685
73.0252647015868,18.31987900017255,0.06274334783189783,0.6265060240963856,0.4666666666666667,0.15789473684210525,0.4458904109589041,0.5384615384615384,0.4146341463414634,0.46808510638297873,0.7058823529411765,0.45054945054945056,0.6781609195402298,0.5375,0.7032285653196494,0.8111764705882353,0.0,0.9444444444444444,0.7804123711340206,0.0,0.7399598393574297,0.00055005500550055,0.6737732526984613,0.8157894588243266,0.8400000254313151,1.0,0.4166666666666667,0.2095890410958904
73.37123455708114,16.679692548598553,0.0402222615361979,0.8192771084337349,0.5111111111111111,0.42105263157894735,0.2863013698630137,0.6634615384615384,0.6585365853658537,0.39361702127659576,0.8235294117647058,0.6703296703296703,0.8390804597701149,0.8,0.5657472738935215,0.6058823529411764,0.0,0.8611111111111112,0.6198453608247423,0.0,0.8313253012048193,0.0016501650165016502,0.42689275051672665,0.6447368627439908,0.6666666666666666,1.0,0.25,0.0821917808219178
73.24617071446002,17.325763611056814,0.04116631720432751,0.7951807228915663,0.35555555555555557,0.3684210526315789,0.2719178082191781,0.6057692307692307,0.7073170731707317,0.2872340425531915,0.8235294117647058,0.6263736263736264,0.8045977011494253,0.775,0.5674577720761171,0.5941176470588235,0.0,0.8518518518518519,0.6224226804123711,0.0,0.7650602409638554,0.0016501650165016502,0.4353134808237005,0.9605263529391835,1.0,1.0,0.75,0.03287671232876712
72.8574780670451,19.715478474004016,0.06892703758481278,0.7951807228915663,0.7555555555555555,0.05263157894736842,0.8876712328767123,0.7596153846153846,0.32926829268292684,0.7872340425531915,0.9764705882352941,0.4945054945054945,0.9080459770114943,0.5625,0.3145178533247808,0.4188235294117647,0.0,0.9166666666666666,0.36262886597938143,0.015625,0.3704819277108434,0.000275027502750275,0.25775089948710095,0.8157894588243266,0.8400000254313151,1.0,0.4166666666666667,0.008904109589041096
72.98128567000218,19.713328737997312,0.0756665250540478,0.8072289156626506,0.8666666666666667,0.10526315789473684,0.936986301369863,0.8173076923076923,0.2926829268292683,0.8829787234042553,0.9882352941176471,0.5054945054945055,0.9310344827586207,0.5625,0.3979046397263203,0.52,0.0,0.9537037037037037,0.4497422680412371,0.0078125,0.3825301204819277,0.0,0.3336905764372656,0.8684210509804807,0.9066666920979818,1.0,0.8333333333333334,0.01643835616438356
73.3040169010122,17.45707138088012,0.045173152364886615,0.7349397590361446,0.4,0.3157894736842105,0.28835616438356165,0.5961538461538461,0.6341463414634146,0.3404255319148936,0.7411764705882353,0.5934065934065934,0.7586206896551724,0.725,0.6401539448364336,0.7076470588235294,0.0,0.8888888888888888,0.7028350515463917,0.0,0.7520080321285141,0.0016501650165016502,0.5923601010487637,0.6447368627439908,0.6666666666666666,1.0,0.25,0.13219178082191782
73.8628004247944,15.867258010828728,0.051720388723539124,0.8674698795180723,0.8888888888888888,0.5263157894736842,0.32602739726027397,0.7980769230769231,0.5365853658536586,0.648936170212766,0.8705882352941177,0.7472527472527473,0.896551724137931,0.85,0.6480649989309386,0.701764705882353,0.0,0.8611111111111112,0.7051546391752578,0.0,0.929718875502008,0.0038503850385038503,0.6123019214575519,0.6447368627439908,0.6666666666666666,1.0,0.25,0.025342465753424658
77.47871992943647,8.403186434361851,0.0638034946510243,0.4819277108433735,0.4444444444444444,0.7368421052631579,0.15753424657534246,0.375,0.5,0.2127659574468085,0.38823529411764707,0.4175824175824176,0.45977011494252873,0.45,0.09985033140902287,0.009411764705882352,0.8666666666666667,0.05555555555555555,0.020618556701030927,0.8359375,0.18775100401606426,0.08828382838283828,0.23853632396846053,0.6315789803903853,0.6400000254313151,1.0,0.4166666666666667,0.5863013698630137
73.62900742277014,16.11050204918182,0.04369782118769694,0.8313253012048193,0.7555555555555555,0.5263157894736842,0.2815068493150685,0.7211538461538461,0.573170731707317,0.5319148936170213,0.8235294117647058,0.7142857142857143,0.8505747126436781,0.825,0.5704511438956597,0.6141176470588235,0.0,0.8425925925925926,0.6185567010309279,0.0078125,0.8785140562248996,0.0019251925192519251,0.6209140319987752,0.6447368627439908,0.6666666666666666,1.0,0.25,0.06027397260273973
72.9065018102815,19.777365719282052,0.07307849378383457,0.7951807228915663,0.8222222222222222,0.10526315789473684,0.9506849315068493,0.7692307692307693,0.2804878048780488,0.8404255319148937,0.9647058823529412,0.4725274725274725,0.9080459770114943,0.5375,0.3480863801582211,0.4647058823529412,0.0,0.9351851851851852,0.3989690721649485,0.015625,0.3674698795180723,0.000275027502750275,0.29533797749368446,0.8157894588243266,0.8400000254313151,1.0,0.4166666666666667,0.022602739726027398
74.79010263833163,13.602776022215139,0.045206715259173524,0.8433734939759037,0.6666666666666666,0.5789473684210527,0.21438356164383562,0.7403846153846154,0.6951219512195121,0.44680851063829785,0.788235294117647,0.7912087912087912,0.8735632183908046,0.9,0.8561043403891383,0.8452941176470589,0.0,0.7685185185185185,0.8502577319587629,0.0234375,0.18373493975903615,0.849009900990099,0.8310878052514736,0.6447368627439908,0.6666666666666666,1.0,0.25,0.024657534246575342
73.36843367011299,17.11006563224876,0.04385914557866277,0.7469879518072289,0.5555555555555556,0.42105263157894735,0.30684931506849317,0.6153846153846154,0.5609756097560976,0.425531914893617,0.7529411764705882,0.5824175824175825,0.7701149425287356,0.7125,0.6048749198203976,0.6617647058823529,0.0,0.8703703703703703,0.6618556701030928,0.0,0.7740963855421686,0.0019251925192519251,0.4933399678481206,0.6447368627439908,0.6666666666666666,1.0,0.25,0.11095890410958904
72.95265663115745,19.3850394612019,0.07522253350231778,0.6385542168674698,0.7777777777777778,0.10526315789473684,0.7472602739726028,0.6538461538461539,0.1951219512195122,0.7872340425531915,0.7647058823529411,0.3956043956043956,0.735632183908046,0.4375,0.5512080393414582,0.6835294117647058,0.0,0.9537037037037037,0.6105670103092784,0.015625,0.5170682730923695,0.000275027502750275,0.563576513817653,0.8157894588243266,0.8400000254313151,1.0,0.4166666666666667,0.2732876712328767
74.80506066681617,13.492816614828817,0.04401923794368279,0.8554216867469879,0.6444444444444445,0.631578947368421,0.17876712328767122,0.7307692307692307,0.7317073170731707,0.40425531914893614,0.788235294117647,0.8021978021978022,0.8620689655172413,0.9,0.8618772717553987,0.8452941176470589,0.0,0.7592592592592593,0.8518041237113402,0.0234375,0.19176706827309237,0.8465346534653465,0.8376330092628034,0.6447368627439908,0.6666666666666666,1.0,0.25,0.021232876712328767
73.05345589121586,18.93629742590098,0.06838080952686931,0.7469879518072289,0.7555555555555555,0.15789473684210525,0.6986301369863014,0.7211538461538461,0.34146341463414637,0.7340425531914894,0.8705882352941177,0.4945054945054945,0.8275862068965517,0.5625,0.6358776993799444,0.7529411764705882,0.0,0.9444444444444444,0.6987113402061855,0.0,0.6144578313253012,0.000275027502750275,0.5019903544361938,0.9605263529391835,1.0,1.0,0.75,0.10890410958904109
73.14650521872822,17.557672344796117,0.04011413361776939,0.7951807228915663,0.17777777777777778,0.3157894736842105,0.22534246575342465,0.5576923076923077,0.7926829268292683,0.1595744680851064,0.8117647058823529,0.6263736263736264,0.7931034482758621,0.7875,0.5443660466110755,0.5647058823529412,0.0,0.8611111111111112,0.6041237113402061,0.0,0.7469879518072289,0.0013751375137513752,0.48449820102579805,0.6447368627439908,0.6666666666666666,1.0,0.25,0.03972602739726028
74.53819140557309,14.132847455858268,0.04160646762995912,0.7710843373493976,0.6888888888888889,0.6842105263157895,0.18424657534246575,0.6538461538461539,0.6097560975609756,0.425531914893617,0.7058823529411765,0.7032967032967034,0.7816091954022989,0.8125,0.7692965576224076,0.7752941176470588,0.0,0.8055555555555556,0.7971649484536083,0.015625,0.10843373493975904,0.7948294829482948,0.7797213503789329,0.6315789803903853,0.6400000254313151,1.0,0.4166666666666667,0.08972602739726028
73.59400090495616,16.075837691254918,0.04143692002467547,0.8433734939759037,0.7111111111111111,0.5263157894736842,0.27123287671232876,0.7211538461538461,0.5975609756097561,0.5106382978723404,0.8470588235294118,0.7142857142857143,0.8620689655172413,0.8375,0.5285439384220654,0.558235294117647,0.0,0.8425925925925926,0.5739690721649484,0.0,0.8684738955823293,0.0016501650165016502,0.5710020669065299,0.6447368627439908,0.6666666666666666,1.0,0.25,0.09383561643835617
73.90742671027431,15.718132341253154,0.045079466628923814,0.8795180722891566,0.8222222222222222,0.47368421052631576,0.3061643835616438,0.7980769230769231,0.573170731707317,0.6170212765957447,0.8823529411764706,0.7472527472527473,0.896551724137931,0.875,0.5392345520632884,0.5829411764705882,0.0,0.8425925925925926,0.5907216494845361,0.0,0.8514056224899599,0.0033003300330033004,0.5365536247416367,0.6447368627439908,0.6666666666666666,1.0,0.25,0.021232876712328767
73.05700887986974,18.12105188500764,0.0512500439027086,0.6987951807228916,0.3111111111111111,0.2631578947368421,0.3041095890410959,0.5192307692307693,0.5853658536585366,0.2978723404255319,0.7411764705882353,0.5274725274725275,0.7126436781609196,0.6375,0.6880478939491127,0.7505882352941177,0.0,0.9074074074074074,0.7639175257731958,0.0,0.7991967871485943,0.0008250825082508251,0.5956518410778535,0.8157894588243266,0.8400000254313151,1.0,0.4166666666666667,0.15205479452054796
77.3798492923661,8.445601090787756,0.06096479241432584,0.4819277108433735,0.4444444444444444,0.7894736842105263,0.10136986301369863,0.36538461538461536,0.5121951219512195,0.19148936170212766,0.47058823529411764,0.42857142857142855,0.45977011494252873,0.4625,0.11823818687192644,0.012941176470588235,0.9,0.037037037037037035,0.022422680412371134,0.84375,0.20180722891566266,0.08745874587458746,0.2164893209829289,0.6315789803903853,0.6400000254313151,1.0,0.4166666666666667,0.47054794520547943
73.90114860093001,15.778714934684267,0.0455454800999644,0.8554216867469879,0.8666666666666667,0.47368421052631576,0.3198630136986301,0.7980769230769231,0.5365853658536586,0.648936170212766,0.8470588235294118,0.7362637362637363,0.8850574712643678,0.85,0.5785760102629891,0.6347058823529412,0.0,0.8518518518518519,0.6329896907216495,0.0078125,0.01706827309236948,0.0033003300330033004,0.6173160835948863,0.6447368627439908,0.6666666666666666,1.0,0.25,0.14657534246575343
73.59029398377034,16.106317960122475,0.042244327193602604,0.8072289156626506,0.7111111111111111,0.5263157894736842,0.26301369863013696,0.6923076923076923,0.573170731707317,0.5,0.8,0.6923076923076923,0.8275862068965517,0.8125,0.557194782980543,0.6,0.0,0.8425925925925926,0.6059278350515463,0.0078125,0.8684738955823293,0.0016501650165016502,0.5736431141391717,0.6447368627439908,0.6666666666666666,1.0,0.25,0.06027397260273973
73.62418657852608,16.19459728977432,0.04691082730927587,0.7951807228915663,0.7333333333333333,0.47368421052631576,0.3253424657534247,0.7115384615384616,0.5487804878048781,0.5425531914893617,0.788235294117647,0.6813186813186813,0.8275862068965517,0.7875,0.6219799016463545,0.6870588235294117,0.0,0.8611111111111112,0.6747422680412372,0.0078125,0.8704819277108434,0.0019251925192519251,0.6475158845594428,0.6447368627439908,0.6666666666666666,1.0,0.25,0.08424657534246575
73.21478647090329,17.713941058819422,0.05035257651535263,0.7108433734939759,0.26666666666666666,0.2631578947368421,0.2719178082191781,0.5384615384615384,0.6585365853658537,0.2553191489361702,0.7176470588235294,0.5714285714285714,0.7241379310344828,0.6875,0.6871926448578148,0.7605882352941177,0.0,0.9074074074074074,0.7623711340206185,0.0,0.7951807228915663,0.0013751375137513752,0.6324351221005895,0.6447368627439908,0.6666666666666666,1.0,0.25,0.15342465753424658
73.3544061345768,17.128039332574758,0.04184262701911268,0.7710843373493976,0.5333333333333333,0.42105263157894735,0.3034246575342466,0.625,0.5975609756097561,0.40425531914893614,0.788235294117647,0.6043956043956044,0.7931034482758621,0.7375,0.5877699379944409,0.6323529411764706,0.0,0.8611111111111112,0.6430412371134021,0.0,0.7791164658634538,0.0019251925192519251,0.45418357192069203,0.6447368627439908,0.6666666666666666,1.0,0.25,0.09794520547945205
72.76773453392728,19.787085374575838,0.07432741478219795,0.7831325301204819,0.7111111111111111,0.0,0.9006849315068494,0.7307692307692307,0.3048780487804878,0.776595744680851,0.9647058823529412,0.4725274725274725,0.8850574712643678,0.5375,0.2939918751336327,0.3935294117647059,0.0,0.9166666666666666,0.3461340206185567,0.015625,0.3744979919678715,0.000275027502750275,0.19869095919773405,0.9605263529391835,1.0,1.0,0.75,0.007534246575342466
73.64492416624321,15.875406861505468,0.04549642408067922,0.8072289156626506,0.7777777777777778,0.5789473684210527,0.22534246575342465,0.6730769230769231,0.524390243902439,0.5212765957446809,0.8,0.6813186813186813,0.8045977011494253,0.8125,0.5644644002565747,0.6041176470588235,0.0,0.8518518518518519,0.6152061855670103,0.0,0.9497991967871486,0.0016501650165016502,0.5252239148740718,0.6447368627439908,0.6666666666666666,1.0,0.25,0.02671232876712329
73.08668248440306,18.9451406855012,0.061538659036870835,0.8192771084337349,0.7777777777777778,0.15789473684210525,0.7465753424657534,0.7884615384615384,0.4024390243902439,0.7553191489361702,0.9529411764705882,0.5494505494505495,0.9080459770114943,0.625,0.5428693607013042,0.6452941176470588,0.0,0.9259259259259259,0.5987113402061855,0.0,0.5522088353413654,0.000275027502750275,0.4544897802954911,0.8157894588243266,0.8400000254313151,1.0,0.4166666666666667,0.07534246575342465
75.0399444448572,13.109340902778621,0.040170742039081775,0.8072289156626506,0.6,0.5789473684210527,0.2136986301369863,0.7211538461538461,0.7317073170731707,0.39361702127659576,0.7294117647058823,0.7912087912087912,0.8390804597701149,0.8375,0.8238186871926448,0.8052941176470588,0.0,0.7407407407407407,0.8059278350515464,0.046875,0.1897590361445783,0.8132563256325632,0.7572915869249024,0.6447368627439908,0.6666666666666666,1.0,0.25,0.07876712328767123
77.45067386092491,8.416214249211599,0.07145875783660927,0.3855421686746988,0.4444444444444444,0.7894736842105263,0.11986301369863013,0.2980769230769231,0.4146341463414634,0.20212765957446807,0.3764705882352941,0.34065934065934067,0.367816091954023,0.3625,0.11973487278169767,0.012352941176470587,0.9,0.027777777777777776,0.02268041237113402,0.859375,0.20682730923694778,0.08883388338833884,0.24037357421725483,0.6315789803903853,0.6400000254313151,1.0,0.4166666666666667,0.48013698630136986
72.90148728182933,19.211632730716104,0.05833449460007034,0.7469879518072289,0.6666666666666666,0.10526315789473684,0.6671232876712329,0.6826923076923077,0.36585365853658536,0.6702127659574468,0.8705882352941177,0.4835164835164835,0.8160919540229885,0.5625,0.4622621338464828,0.5405882352941176,0.0,0.9074074074074074,0.5170103092783506,0.0078125,0.5170682730923695,0.000275027502750275,0.3709331700222001,0.8157894588243266,0.8400000254313151,1.0,0.4166666666666667,0.0636986301369863
72.93232835507173,18.590284405526525,0.053370048956139615,0.7831325301204819,0.5111111111111111,0.10526315789473684,0.6226027397260274,0.6346153846153846,0.4634146341463415,0.5319148936170213,0.9294117647058824,0.5274725274725275,0.8390804597701149,0.625,0.3673294847124225,0.4076470588235294,0.0,0.8611111111111112,0.4172680412371134,0.0,0.5261044176706827,0.00055005500550055,0.33663783204470643,0.9605263529391835,1.0,1.0,0.75,0.009589041095890411
73.56515857162685,16.05601074002617,0.040017820467725285,0.7710843373493976,0.7111111111111111,0.5789473684210527,0.2568493150684932,0.6538461538461539,0.5365853658536586,0.48936170212765956,0.7529411764705882,0.6593406593406593,0.7816091954022989,0.775,0.562753902073979,0.6141176470588235,0.0,0.8518518518518519,0.6152061855670103,0.0078125,0.02208835341365462,0.0016501650165016502,0.5677868789711399,0.6447368627439908,0.6666666666666666,1.0,0.25,0.08835616438356164
73.05180999897021,19.153378469955385,0.06233818481230191,0.8433734939759037,0.7777777777777778,0.15789473684210525,0.7575342465753425,0.8076923076923077,0.4146341463414634,0.7659574468085106,0.9882352941176471,0.5714285714285714,0.9425287356321839,0.65,0.4374599101988454,0.5258823529411765,0.0,0.9166666666666666,0.49510309278350517,0.0078125,0.4929718875502008,0.000275027502750275,0.3401592283548955,0.9605263529391835,1.0,1.0,0.75,0.00684931506849315
72.87510599065632,19.86681236146245,0.07832422952242979,0.7349397590361446,0.8222222222222222,0.10526315789473684,0.9356164383561644,0.7211538461538461,0.21951219512195122,0.8404255319148937,0.9058823529411765,0.42857142857142855,0.8505747126436781,0.475,0.35086593970493907,0.4752941176470588,0.0,0.9537037037037037,0.4041237113402062,0.015625,0.36244979919678716,0.000275027502750275,0.32350914797519714,0.9605263529391835,1.0,1.0,0.75,0.07465753424657534
72.81649378540591,19.526245683683964,0.06428814252637205,0.8072289156626506,0.6888888888888889,0.10526315789473684,0.8006849315068493,0.7307692307692307,0.3780487804878049,0.7127659574468085,0.9647058823529412,0.5054945054945055,0.8850574712643678,0.5875,0.3130211674150096,0.3952941176470588,0.0,0.8981481481481481,0.35876288659793815,0.015625,0.40160642570281124,0.000275027502750275,0.21269999234479062,0.9605263529391835,1.0,1.0,0.75,0.026027397260273973
72.79021898378883,19.569029457884966,0.06505104962178532,0.7951807228915663,0.6888888888888889,0.10526315789473684,0.8267123287671233,0.7211538461538461,0.36585365853658536,0.7127659574468085,0.9647058823529412,0.4945054945054945,0.8850574712643678,0.575,0.297412871498824,0.38176470588235295,0.03333333333333333,0.8981481481481481,0.3425257731958763,0.0234375,0.392570281124498,0.00055005500550055,0.21384827375028706,0.9605263529391835,1.0,1.0,0.75,0.0136986301369863
73.17807546772625,17.654611622749798,0.044688569185281635,0.7349397590361446,0.2222222222222222,0.3684210526315789,0.2089041095890411,0.5192307692307693,0.7195121951219512,0.18085106382978725,0.7529411764705882,0.5824175824175825,0.735632183908046,0.725,0.6335257643788753,0.6852941176470588,0.0,0.8981481481481481,0.7036082474226805,0.0,0.7821285140562249,0.0013751375137513752,0.5641123784735512,0.6447368627439908,0.6666666666666666,1.0,0.25,0.11301369863013698
72.75396066030451,19.904953279777793,0.07657852750627792,0.7710843373493976,0.7333333333333333,0.05263157894736842,0.9547945205479452,0.7307692307692307,0.2926829268292683,0.7872340425531915,0.9647058823529412,0.45054945054945056,0.896551724137931,0.525,0.25443660466110757,0.3594117647058824,0.0,0.9259259259259259,0.30721649484536084,0.015625,0.33433734939759036,0.000275027502750275,0.17055806476307128,0.9605263529391835,1.0,1.0,0.75,0.012328767123287671
72.76093629199815,19.437777532962365,0.060597127036938536,0.8072289156626506,0.6222222222222222,0.10526315789473684,0.7575342465753425,0.7019230769230769,0.4146341463414634,0.648936170212766,0.9529411764705882,0.5164835164835165,0.8735632183908046,0.6,0.3160145392345521,0.38176470588235295,0.0,0.8796296296296297,0.36237113402061855,0.015625,0.4246987951807229,0.000275027502750275,0.18047156089719055,0.9605263529391835,1.0,1.0,0.75,0.008904109589041096
77.53915736100579,8.192929283908795,0.042858575421811484,0.6987951807228916,0.4222222222222222,0.7368421052631579,0.1643835616438356,0.5384615384615384,0.7317073170731707,0.19148936170212766,0.6,0.6263736263736264,0.6666666666666666,0.675,0.05494975411588625,0.007647058823529412,0.6333333333333333,0.1388888888888889,0.011597938144329897,0.6796875,0.14558232931726908,0.08223322332233224,0.08975732986297175,0.7105263372537505,0.6933333079020182,0.5,1.0,0.2089041095890411
74.77286363323717,13.643082198322602,0.0426614775160572,0.8674698795180723,0.6666666666666666,0.5789473684210527,0.2273972602739726,0.75,0.7073170731707317,0.44680851063829785,0.8,0.8021978021978022,0.8850574712643678,0.9125,0.8253153731024161,0.8123529411764706,0.0,0.7592592592592593,0.8175257731958763,0.0234375,0.1817269076305221,0.8195819581958196,0.8049452652530047,0.6447368627439908,0.6666666666666666,1.0,0.25,0.021232876712328767
73.85468929323619,15.686179485646104,0.04546881060747243,0.891566265060241,0.7777777777777778,0.5263157894736842,0.2965753424657534,0.7788461538461539,0.6097560975609756,0.5638297872340425,0.8823529411764706,0.7582417582417582,0.9080459770114943,0.8875,0.5240538806927517,0.5547058823529412,0.0,0.8425925925925926,0.575,0.0,0.8765060240963856,0.003025302530253025,0.49961723953150117,0.7105263372537505,0.6933333079020182,0.5,1.0,0.00410958904109589
73.9230511400308,15.671160290282451,0.04147590283698077,0.8674698795180723,0.8222222222222222,0.47368421052631576,0.31232876712328766,0.7884615384615384,0.573170731707317,0.6063829787234043,0.8588235294117647,0.7472527472527473,0.8850574712643678,0.8625,0.514432328415651,0.56,0.0,0.8425925925925926,0.5654639175257732,0.0078125,0.019076305220883535,0.003025302530253025,0.5290897956059099,0.6447368627439908,0.6666666666666666,1.0,0.25,0.04178082191780822
73.61081533516375,15.919565820121907,0.042801890354724814,0.8313253012048193,0.7555555555555555,0.5789473684210527,0.22123287671232877,0.6923076923076923,0.5609756097560976,0.5106382978723404,0.8352941176470589,0.7032967032967034,0.8390804597701149,0.8375,0.523198631601454,0.5476470588235294,0.0,0.8425925925925926,0.5682989690721649,0.0,0.9307228915662651,0.0013751375137513752,0.49525377019061473,0.6447368627439908,0.6666666666666666,1.0,0.25,0.04863013698630137
73.05231275875117,18.917891913174927,0.06017180526928456,0.8313253012048193,0.7333333333333333,0.15789473684210525,0.7123287671232876,0.7692307692307693,0.4268292682926829,0.7127659574468085,0.9647058823529412,0.5604395604395604,0.9080459770114943,0.65,0.50096215522771,0.5894117647058823,0.0,0.9166666666666666,0.5556701030927835,0.0,0.5381526104417671,0.000275027502750275,0.41005128990277884,0.9605263529391835,1.0,1.0,0.75,0.023287671232876714
73.83871670787497,15.838043817909021,0.04506881973921506,0.8795180722891566,0.8666666666666667,0.5263157894736842,0.30205479452054795,0.7884615384615384,0.5609756097560976,0.6170212765957447,0.8705882352941177,0.7472527472527473,0.896551724137931,0.8625,0.6316014539234552,0.6764705882352942,0.0,0.8518518518518519,0.6881443298969072,0.0,0.01104417670682731,0.0035753575357535755,0.5791165888387048,0.6447368627439908,0.6666666666666666,1.0,0.25,0.0136986301369863
73.00162790968741,18.347986983217588,0.0494103849284423,0.7349397590361446,0.4222222222222222,0.15789473684210525,0.4452054794520548,0.5769230769230769,0.5,0.43617021276595747,0.8235294117647058,0.5274725274725275,0.7701149425287356,0.625,0.5616848407098567,0.6235294117647059,0.0,0.8981481481481481,0.627319587628866,0.0,0.6817269076305221,0.000275027502750275,0.5246880502181734,0.8157894588243266,0.8400000254313151,1.0,0.4166666666666667,0.08561643835616438
73.91845986305037,15.704816652495092,0.042131623224818227,0.8674698795180723,0.8444444444444444,0.5263157894736842,0.3116438356164384,0.7884615384615384,0.5609756097560976,0.6170212765957447,0.8470588235294118,0.7472527472527473,0.8850574712643678,0.85,0.5315373102416079,0.5805882352941176,0.0,0.8425925925925926,0.5832474226804124,0.0078125,0.019076305220883535,0.003025302530253025,0.5633468575365537,0.6447368627439908,0.6666666666666666,1.0,0.25,0.1047945205479452
73.36190054588715,17.210293266358555,0.042721492163406705,0.7590361445783133,0.5333333333333333,0.42105263157894735,0.3226027397260274,0.6346153846153846,0.5975609756097561,0.4148936170212766,0.7764705882352941,0.6043956043956044,0.7931034482758621,0.7375,0.6080821039127646,0.6635294117647059,0.0,0.8703703703703703,0.6646907216494845,0.0,0.7610441767068273,0.0019251925192519251,0.5166883564265483,0.6447368627439908,0.6666666666666666,1.0,0.25,0.13424657534246576
73.14016354376261,19.575151343970433,0.08663749899585393,0.7349397590361446,0.9777777777777777,0.10526315789473684,0.9301369863013699,0.8076923076923077,0.17073170731707318,0.9787234042553191,0.8941176470588236,0.45054945054945056,0.8735632183908046,0.4875,0.5293991875133632,0.6770588235294117,0.0,0.9722222222222222,0.5850515463917526,0.0078125,0.42570281124497994,0.0,0.4997320676720508,0.8684210509804807,0.9066666920979818,1.0,0.8333333333333334,0.16986301369863013
72.82334401383184,19.603131205842473,0.07208619836987007,0.6867469879518072,0.7111111111111111,0.05263157894736842,0.8061643835616439,0.6634615384615384,0.25609756097560976,0.7446808510638298,0.8470588235294118,0.4175824175824176,0.7931034482758621,0.475,0.39491126790677783,0.5088235294117647,0.0,0.9351851851851852,0.4466494845360825,0.015625,0.43373493975903615,0.000275027502750275,0.3468575365536247,0.9605263529391835,1.0,1.0,0.75,0.1232876712328767
74.81795685840191,13.471889121431014,0.045476491376038375,0.8433734939759037,0.6444444444444445,0.631578947368421,0.213013698630137,0.7307692307692307,0.7195121951219512,0.4148936170212766,0.7647058823529411,0.8021978021978022,0.8735632183908046,0.8875,0.8766303185802865,0.86,0.0,0.7592592592592593,0.8664948453608248,0.0234375,0.1927710843373494,0.8613861386138614,0.8522161831126082,0.6447368627439908,0.6666666666666666,1.0,0.25,0.03424657534246575
73.42144751172026,16.7931937857714,0.04284025537672653,0.8313253012048193,0.5777777777777777,0.42105263157894735,0.339041095890411,0.6923076923076923,0.6341463414634146,0.44680851063829785,0.8470588235294118,0.6703296703296703,0.8620689655172413,0.8,0.608723540731238,0.6564705882352941,0.0,0.8611111111111112,0.665721649484536,0.0,0.8504016064257028,0.0019251925192519251,0.4817423256526066,0.6447368627439908,0.6666666666666666,1.0,0.25,0.045205479452054796
72.99007139892561,19.597012311538887,0.07611394691950168,0.6987951807228916,0.8444444444444444,0.10526315789473684,0.863013698630137,0.7307692307692307,0.2073170731707317,0.8617021276595744,0.8470588235294118,0.42857142857142855,0.8275862068965517,0.475,0.4864229206756468,0.6247058823529412,0.0,0.9629629629629629,0.5417525773195876,0.0078125,0.4407630522088353,0.0,0.4720584857995866,0.8157894588243266,0.8400000254313151,1.0,0.4166666666666667,0.1226027397260274
72.96269378277232,19.40126615409712,0.0729321495262073,0.6867469879518072,0.7777777777777778,0.10526315789473684,0.7726027397260274,0.6826923076923077,0.23170731707317074,0.7872340425531915,0.8235294117647058,0.42857142857142855,0.7931034482758621,0.4875,0.5099422706863374,0.6317647058823529,0.0,0.9444444444444444,0.5662371134020618,0.015625,0.4929718875502008,0.000275027502750275,0.5101814284620685,0.8684210509804807,0.9066666920979818,1.0,0.8333333333333334,0.2452054794520548
74.88182968959829,13.479683700275345,0.0499529318518358,0.8554216867469879,0.6666666666666666,0.5789473684210527,0.2328767123287671,0.75,0.7073170731707317,0.44680851063829785,0.7764705882352941,0.8021978021978022,0.8850574712643678,0.8875,0.914475090870216,0.9017647058823529,0.0,0.7592592592592593,0.9059278350515464,0.0234375,0.1897590361445783,0.9073157315731574,0.889994641353441,0.6447368627439908,0.6666666666666666,1.0,0.25,0.01780821917808219
73.05684695309843,18.048083527416736,0.04102525672479451,0.8192771084337349,0.2,0.2631578947368421,0.2993150684931507,0.5769230769230769,0.7682926829268293,0.20212765957446807,0.8823529411764706,0.6263736263736264,0.8275862068965517,0.775,0.5411588625187086,0.5541176470588235,0.0,0.8703703703703703,0.6059278350515463,0.0,0.7299196787148594,0.0011001100110011,0.4451887009109699,0.6447368627439908,0.6666666666666666,1.0,0.25,0.010958904109589041
73.4430385737956,16.582042555151904,0.04142406827156131,0.8192771084337349,0.5555555555555556,0.42105263157894735,0.30547945205479454,0.6826923076923077,0.6463414634146342,0.425531914893617,0.8117647058823529,0.6703296703296703,0.8390804597701149,0.8,0.5954671798161214,0.6447058823529411,0.0,0.8611111111111112,0.6469072164948454,0.0078125,0.8353413654618473,0.0016501650165016502,0.49395238459771873,0.6447368627439908,0.6666666666666666,1.0,0.25,0.052054794520547946
75.20986911660917,12.923916581909772,0.0404099048998281,0.7951807228915663,0.6222222222222222,0.5789473684210527,0.23493150684931507,0.7211538461538461,0.7073170731707317,0.4148936170212766,0.7176470588235294,0.7912087912087912,0.8275862068965517,0.825,0.8052170194569168,0.82,0.0,0.75,0.7896907216494845,0.0703125,0.19477911646586346,0.8107810781078107,0.7660185256066754,0.6447368627439908,0.6666666666666666,1.0,0.25,0.0910958904109589
74.9395991673857,13.427223271811012,0.04960672757903306,0.8554216867469879,0.6888888888888889,0.631578947368421,0.21780821917808219,0.7596153846153846,0.7195121951219512,0.44680851063829785,0.788235294117647,0.8131868131868132,0.8850574712643678,0.9125,0.9134060295060936,0.898235294117647,0.0,0.7592592592592593,0.9010309278350516,0.03125,0.1897590361445783,0.9086908690869087,0.8991808925974125,0.6447368627439908,0.6666666666666666,1.0,0.25,0.02671232876712329
74.50884603557564,14.10687142884046,0.04010420669179349,0.8192771084337349,0.6666666666666666,0.7368421052631579,0.1410958904109589,0.6634615384615384,0.6707317073170732,0.3829787234042553,0.7647058823529411,0.7472527472527473,0.8160919540229885,0.8625,0.7412871498824033,0.7182352941176471,0.0,0.7777777777777778,0.7582474226804123,0.015625,0.1144578313253012,0.7541254125412541,0.6825001913802342,0.7105263372537505,0.6933333079020182,0.5,1.0,0.01986301369863014
72.83071679797345,19.80069144562079,0.07507537375707563,0.7831325301204819,0.7555555555555555,0.05263157894736842,0.9356164383561644,0.7403846153846154,0.2926829268292683,0.7978723404255319,0.9647058823529412,0.46153846153846156,0.896551724137931,0.525,0.31131066923241396,0.42,0.0,0.9259259259259259,0.36262886597938143,0.015625,0.3654618473895582,0.000275027502750275,0.24569394472938835,0.9605263529391835,1.0,1.0,0.75,0.01986301369863014
77.45041952923795,8.35311958983814,0.07021612308371561,0.40963855421686746,0.4444444444444444,0.7894736842105263,0.1226027397260274,0.3173076923076923,0.43902439024390244,0.20212765957446807,0.32941176470588235,0.3626373626373626,0.40229885057471265,0.3875,0.11481719050673508,0.011176470588235295,0.8666666666666667,0.037037037037037035,0.02190721649484536,0.84375,0.20281124497991967,0.08855885588558855,0.21625966470182958,0.6447368627439908,0.6666666666666666,1.0,0.25,0.47876712328767124
73.84715235093209,15.854647236436975,0.05092327663275531,0.8795180722891566,0.8666666666666667,0.5263157894736842,0.3041095890410959,0.7884615384615384,0.5487804878048781,0.6276595744680851,0.8823529411764706,0.7472527472527473,0.896551724137931,0.8625,0.6476373743852897,0.6982352941176471,0.0,0.8611111111111112,0.7056701030927836,0.0,0.9447791164658634,0.0035753575357535755,0.598063232029396,0.6447368627439908,0.6666666666666666,1.0,0.25,0.021917808219178082
72.90734856187578,19.24303152605117,0.06564204284533437,0.6626506024096386,0.7111111111111111,0.15789473684210525,0.678082191780822,0.625,0.2682926829268293,0.6914893617021277,0.7764705882352941,0.4175824175824176,0.735632183908046,0.475,0.5403036134274107,0.648235294117647,0.0,0.9351851851851852,0.5992268041237113,0.0078125,0.5512048192771084,0.000275027502750275,0.5052438184184338,0.8157894588243266,0.8400000254313151,1.0,0.4166666666666667,0.16986301369863013
73.24409602744403,17.26492159172946,0.04043254559240017,0.7951807228915663,0.37777777777777777,0.42105263157894735,0.273972602739726,0.5961538461538461,0.6951219512195121,0.2872340425531915,0.8235294117647058,0.6263736263736264,0.8045977011494253,0.775,0.5554842847979474,0.5782352941176471,0.0,0.8518518518518519,0.6095360824742269,0.0,0.7730923694779116,0.0016501650165016502,0.41544821250861214,0.9605263529391835,1.0,1.0,0.75,0.05684931506849315
73.04456737357916,19.42124330577441,0.07199953529204017,0.7469879518072289,0.8666666666666667,0.10526315789473684,0.8198630136986301,0.7596153846153846,0.25609756097560976,0.851063829787234,0.8823529411764706,0.4725274725274725,0.8505747126436781,0.525,0.49668590977122085,0.6211764705882353,0.0,0.9444444444444444,0.5520618556701031,0.015625,0.4608433734939759,0.000275027502750275,0.4666232871469035,0.8157894588243266,0.8400000254313151,1.0,0.4166666666666667,0.12465753424657534
74.75543722028532,13.56706816282991,0.0415368920589283,0.8433734939759037,0.6444444444444445,0.5789473684210527,0.19931506849315067,0.7307692307692307,0.7073170731707317,0.425531914893617,0.788235294117647,0.7912087912087912,0.8620689655172413,0.9,0.820183878554629,0.8029411764705883,0.0,0.7592592592592593,0.811340206185567,0.0234375,0.18775100401606426,0.8047304730473047,0.7981321289137258,0.6447368627439908,0.6666666666666666,1.0,0.25,0.01643835616438356
72.94682050243509,19.333374731980207,0.06049899872318265,0.7710843373493976,0.7555555555555555,0.15789473684210525,0.7541095890410959,0.7403846153846154,0.35365853658536583,0.7446808510638298,0.9176470588235294,0.5054945054945055,0.8620689655172413,0.575,0.42163780200983536,0.5076470588235295,0.0,0.9074074074074074,0.47345360824742266,0.0078125,0.4598393574297189,0.000275027502750275,0.3684835030238077,0.8157894588243266,0.8400000254313151,1.0,0.4166666666666667,0.052054794520547946
73.3645883964663,17.060467634200027,0.0428593803854751,0.7590361445783133,0.5555555555555556,0.42105263157894735,0.3150684931506849,0.625,0.573170731707317,0.425531914893617,0.7764705882352941,0.6043956043956044,0.7816091954022989,0.725,0.5875561257216164,0.6323529411764706,0.0,0.8611111111111112,0.6430412371134021,0.0,0.7901606425702812,0.0019251925192519251,0.43630865804179747,0.6447368627439908,0.6666666666666666,1.0,0.25,0.10821917808219178
74.51668674977542,14.070715196071523,0.04260630732881121,0.7951807228915663,0.6666666666666666,0.6842105263157895,0.16164383561643836,0.6538461538461539,0.6341463414634146,0.40425531914893614,0.7294117647058823,0.7142857142857143,0.7931034482758621,0.8375,0.766303185802865,0.7441176470588236,0.0,0.7777777777777778,0.7788659793814433,0.015625,0.12650602409638553,0.7742024202420242,0.7335221618311261,0.7105263372537505,0.6933333079020182,0.5,1.0,0.03904109589041096
73.15848050268382,17.554577158875315,0.04177203283407849,0.7710843373493976,0.2,0.3157894736842105,0.21095890410958903,0.5384615384615384,0.7560975609756098,0.1702127659574468,0.7764705882352941,0.6153846153846154,0.7586206896551724,0.7625,0.5770793243532178,0.6094117647058823,0.0,0.8703703703703703,0.6396907216494845,0.0,0.7590361445783133,0.0013751375137513752,0.5261425399984689,0.6447368627439908,0.6666666666666666,1.0,0.25,0.08356164383561644
73.77534563146192,15.594368849845193,0.04208319376777803,0.8795180722891566,0.6444444444444445,0.47368421052631576,0.2582191780821918,0.7307692307692307,0.6585365853658537,0.46808510638297873,0.8705882352941177,0.7472527472527473,0.8850574712643678,0.875,0.4782980543083173,0.49411764705882355,0.0,0.8425925925925926,0.5286082474226804,0.0,0.8805220883534136,0.0024752475247524753,0.4658577662099058,0.7105263372537505,0.6933333079020182,0.5,1.0,0.0136986301369863
74.92006863765236,13.456080181055881,0.05827343859969525,0.8192771084337349,0.6888888888888889,0.5789473684210527,0.2191780821917808,0.7403846153846154,0.6829268292682927,0.4574468085106383,0.7529411764705882,0.7802197802197802,0.8505747126436781,0.8625,0.988881761813128,0.9805882352941176,0.0,0.7777777777777778,0.9873711340206186,0.03125,0.18875502008032127,0.9865236523652365,0.9644032764296103,0.6447368627439908,0.6666666666666666,1.0,0.25,0.056164383561643834
73.3212380261911,17.48064415345182,0.044632734679068475,0.7590361445783133,0.4222222222222222,0.3157894736842105,0.31095890410958904,0.6153846153846154,0.6463414634146342,0.35106382978723405,0.7764705882352941,0.6153846153846154,0.7931034482758621,0.7375,0.6437887534744494,0.7076470588235294,0.0,0.8888888888888888,0.7048969072164949,0.0,0.7540160642570282,0.0016501650165016502,0.6017377325269846,0.6447368627439908,0.6666666666666666,1.0,0.25,0.11232876712328767
73.66651179236308,15.902359853699181,0.04422654027890738,0.7710843373493976,0.7777777777777778,0.5263157894736842,0.2589041095890411,0.6634615384615384,0.4878048780487805,0.5425531914893617,0.7529411764705882,0.6593406593406593,0.7816091954022989,0.775,0.6097926020953602,0.6741176470588235,0.0,0.8703703703703703,0.668041237113402,0.0,0.02610441767068273,0.0022002200220022,0.5860445533185332,0.6447368627439908,0.6666666666666666,1.0,0.25,0.06164383561643835
72.79766640034623,19.845949178679355,0.07716942529005977,0.7831325301204819,0.7333333333333333,0.0,0.9527397260273973,0.7403846153846154,0.2926829268292683,0.7978723404255319,0.9647058823529412,0.46153846153846156,0.9080459770114943,0.525,0.2888603805858456,0.3952941176470588,0.0,0.9259259259259259,0.340979381443299,0.015625,0.35441767068273095,0.000275027502750275,0.21518793539003292,0.9605263529391835,1.0,1.0,0.75,0.015068493150684932
72.95881868600917,18.70470691504154,0.0507622712735577,0.7951807228915663,0.5777777777777777,0.15789473684210525,0.6321917808219178,0.6730769230769231,0.45121951219512196,0.5851063829787234,0.9411764705882353,0.5274725274725275,0.8505747126436781,0.6375,0.401967072909985,0.45647058823529413,0.0,0.8796296296296297,0.4520618556701031,0.0,0.5180722891566265,0.000275027502750275,0.36492383066676876,0.8157894588243266,0.8400000254313151,1.0,0.4166666666666667,0.013013698630136987
72.96262199364199,18.385741297292007,0.04659763061940292,0.7590361445783133,0.4222222222222222,0.15789473684210525,0.47534246575342465,0.5865384615384616,0.524390243902439,0.425531914893617,0.8588235294117647,0.5274725274725275,0.7931034482758621,0.6375,0.4836433611289288,0.5276470588235294,0.0,0.8796296296296297,0.543041237113402,0.0,0.6365461847389559,0.000275027502750275,0.4472556074408635,0.8157894588243266,0.8400000254313151,1.0,0.4166666666666667,0.052054794520547946
73.58814269057937,16.122864210784723,0.0411033115572631,0.8433734939759037,0.7111111111111111,0.5263157894736842,0.2808219178082192,0.7211538461538461,0.5975609756097561,0.5106382978723404,0.8352941176470589,0.7142857142857143,0.8505747126436781,0.8375,0.5379516784263416,0.5705882352941176,0.0,0.8333333333333334,0.5837628865979382,0.0078125,0.8614457831325302,0.0016501650165016502,0.5570313098063232,0.6447368627439908,0.6666666666666666,1.0,0.25,0.030821917808219176
72.97073539831597,18.436311294625497,0.04809675622341292,0.7590361445783133,0.4666666666666667,0.15789473684210525,0.5219178082191781,0.6057692307692307,0.5,0.46808510638297873,0.8705882352941177,0.5274725274725275,0.8045977011494253,0.625,0.4810776138550353,0.5352941176470588,0.0,0.8888888888888888,0.5404639175257732,0.0,0.6204819277108434,0.000275027502750275,0.48713924825843985,0.8157894588243266,0.8400000254313151,1.0,0.4166666666666667,0.09178082191780822
73.53907713363373,16.40574974212832,0.04314825594946958,0.8072289156626506,0.6444444444444445,0.47368421052631576,0.3061643835616438,0.7019230769230769,0.6097560975609756,0.4787234042553192,0.788235294117647,0.6813186813186813,0.8275862068965517,0.8,0.6200555911909343,0.6758823529411765,0.0,0.8518518518518519,0.6685567010309278,0.015625,0.8473895582329317,0.0019251925192519251,0.5898338819566715,0.6447368627439908,0.6666666666666666,1.0,0.25,0.09178082191780822
73.0285355445816,19.66625965349217,0.07798421133869637,0.8072289156626506,0.8888888888888888,0.10526315789473684,0.9616438356164384,0.8269230769230769,0.2804878048780488,0.9042553191489362,0.9882352941176471,0.5054945054945055,0.9425287356321839,0.5625,0.4408809065640368,0.5688235294117647,0.0,0.9537037037037037,0.4945876288659794,0.0,0.3965863453815261,0.0,0.3622062313404272,0.8684210509804807,0.9066666920979818,1.0,0.8333333333333334,0.023972602739726026
72.91316195427247,19.69570454173222,0.06952220684724952,0.7951807228915663,0.8,0.10526315789473684,0.9020547945205479,0.7788461538461539,0.3170731707317073,0.8191489361702128,0.9764705882352941,0.4945054945054945,0.9195402298850575,0.5625,0.3538593115244815,0.46647058823529414,0.0,0.9351851851851852,0.40309278350515465,0.015625,0.3785140562248996,0.000275027502750275,0.3008497282400674,0.8157894588243266,0.8400000254313151,1.0,0.4166666666666667,0.023287671232876714
72.95434873964287,18.790756182291897,0.053908014092075796,0.8192771084337349,0.6,0.15789473684210525,0.6616438356164384,0.7019230769230769,0.47560975609756095,0.5957446808510638,0.9529411764705882,0.5384615384615384,0.8735632183908046,0.65,0.4004703870002138,0.4547058823529412,0.0,0.8796296296296297,0.4520618556701031,0.0,0.5140562248995983,0.000275027502750275,0.3044094005971063,0.9605263529391835,1.0,1.0,0.75,0.003424657534246575
72.89159694286501,18.77129665489084,0.05028251513525461,0.7951807228915663,0.5333333333333333,0.15789473684210525,0.6424657534246575,0.6538461538461539,0.47560975609756095,0.5425531914893617,0.9294117647058824,0.5164835164835165,0.8505747126436781,0.625,0.3709642933504383,0.4117647058823529,0.0,0.8703703703703703,0.42216494845360825,0.0,0.5160642570281124,0.000275027502750275,0.2786496210671362,0.8157894588243266,0.8400000254313151,1.0,0.4166666666666667,0.015068493150684932
73.13044417947307,17.981035194896165,0.045412521510475146,0.7831325301204819,0.2222222222222222,0.2631578947368421,0.2828767123287671,0.5673076923076923,0.7439024390243902,0.2127659574468085,0.8235294117647058,0.6153846153846154,0.7931034482758621,0.75,0.6444301902929228,0.6811764705882353,0.0,0.8888888888888888,0.715979381443299,0.0,0.7961847389558233,0.0013751375137513752,0.5554237158386282,0.6447368627439908,0.6666666666666666,1.0,0.25,0.02054794520547945
73.09255900269633,17.92700056502402,0.04242649454146252,0.8192771084337349,0.1111111111111111,0.21052631578947367,0.23424657534246576,0.5576923076923077,0.8292682926829268,0.1276595744680851,0.8705882352941177,0.6483516483516484,0.8160919540229885,0.8,0.5313234979687834,0.548235294117647,0.0,0.8703703703703703,0.5958762886597938,0.0,0.7269076305220884,0.0013751375137513752,0.524841154405573,0.6447368627439908,0.6666666666666666,1.0,0.25,0.11232876712328767
73.0185284017873,19.34139316097795,0.06626417161998222,0.8313253012048193,0.8,0.10526315789473684,0.8184931506849316,0.8076923076923077,0.36585365853658536,0.8085106382978723,0.9764705882352941,0.5384615384615384,0.9310344827586207,0.6125,0.4026085097284584,0.49176470588235294,0.0,0.9166666666666666,0.45489690721649484,0.0078125,0.41967871485943775,0.000275027502750275,0.33981474393324657,0.8684210509804807,0.9066666920979818,1.0,0.8333333333333334,0.015068493150684932
73.184163820466,17.601473819972846,0.04161377077084605,0.7710843373493976,0.2222222222222222,0.3684210526315789,0.2219178082191781,0.5480769230769231,0.7560975609756098,0.18085106382978725,0.788235294117647,0.6153846153846154,0.7701149425287356,0.7625,0.5963224289074193,0.6341176470588236,0.0,0.8796296296296297,0.6608247422680412,0.0,0.7660642570281124,0.0013751375137513752,0.538046390568782,0.6447368627439908,0.6666666666666666,1.0,0.25,0.12945205479452054
72.71256015531411,19.82238430352342,0.07376412731841164,0.7831325301204819,0.6888888888888889,0.05263157894736842,0.9143835616438356,0.7115384615384616,0.3170731707317073,0.7446808510638298,0.9647058823529412,0.3956043956043956,0.8850574712643678,0.5375,0.28030788967286724,0.3770588235294118,0.0,0.9166666666666666,0.3342783505154639,0.015625,0.3744979919678715,0.000275027502750275,0.16791701753042945,0.9605263529391835,1.0,1.0,0.75,0.010273972602739725
73.53279737448486,16.342398068426,0.041648742453122,0.8192771084337349,0.6222222222222222,0.42105263157894735,0.3095890410958904,0.7019230769230769,0.6219512195121951,0.46808510638297873,0.8117647058823529,0.6923076923076923,0.8390804597701149,0.8125,0.5755826384434467,0.62,0.0,0.8425925925925926,0.6216494845360825,0.0078125,0.8353413654618473,0.0013751375137513752,0.572265176452576,0.6447368627439908,0.6666666666666666,1.0,0.25,0.07534246575342465
74.51675461685028,14.150063114128589,0.04251084566762853,0.7951807228915663,0.6888888888888889,0.7368421052631579,0.16164383561643836,0.6538461538461539,0.6341463414634146,0.40425531914893614,0.7294117647058823,0.7252747252747253,0.7931034482758621,0.8375,0.7444943339747702,0.7411764705882353,0.0,0.7962962962962963,0.7734536082474227,0.015625,0.10040160642570281,0.7684268426842684,0.7086044553318533,0.7105263372537505,0.6933333079020182,0.5,1.0,0.06232876712328767
74.48145359310867,14.229746774183424,0.04079761328002851,0.7831325301204819,0.6666666666666666,0.6842105263157895,0.17876712328767122,0.6442307692307693,0.6219512195121951,0.40425531914893614,0.7176470588235294,0.7142857142857143,0.7931034482758621,0.825,0.7064357494120163,0.6994117647058824,0.0,0.8055555555555556,0.7440721649484536,0.015625,0.08333333333333333,0.7288228822882288,0.6689887468422261,0.7105263372537505,0.6933333079020182,0.5,1.0,0.05410958904109589
73.31303770312397,17.489570582265205,0.04462464881041028,0.7590361445783133,0.4,0.3157894736842105,0.30273972602739724,0.6057692307692307,0.6463414634146342,0.3404255319148936,0.788235294117647,0.6043956043956044,0.7816091954022989,0.7375,0.6414368184733804,0.7035294117647058,0.0,0.8888888888888888,0.7028350515463917,0.0,0.7550200803212851,0.0016501650165016502,0.601584628339585,0.6447368627439908,0.6666666666666666,1.0,0.25,0.10616438356164383
72.86269544516135,19.80839973352571,0.07330306115586005,0.7590361445783133,0.7777777777777778,0.05263157894736842,0.9178082191780822,0.75,0.2682926829268293,0.8297872340425532,0.9294117647058824,0.46153846153846156,0.8850574712643678,0.5125,0.33910626469959376,0.45647058823529413,0.0,0.9351851851851852,0.39097938144329897,0.015625,0.3684738955823293,0.000275027502750275,0.2871851795146597,0.8157894588243266,0.8400000254313151,1.0,0.4166666666666667,0.03561643835616438
73.40913375158394,16.910385160878825,0.044602449648879716,0.7831325301204819,0.6,0.42105263157894735,0.3287671232876712,0.6538461538461539,0.573170731707317,0.4574468085106383,0.8,0.6153846153846154,0.8045977011494253,0.75,0.6185589052811631,0.6729411764705883,0.0,0.8703703703703703,0.6755154639175258,0.0,0.8253012048192772,0.0022002200220022,0.4993110311567021,0.6447368627439908,0.6666666666666666,1.0,0.25,0.09041095890410959
72.80910022787113,19.18108353701659,0.05404766056146715,0.8192771084337349,0.5777777777777777,0.15789473684210525,0.6767123287671233,0.7019230769230769,0.4878048780487805,0.5851063829787234,0.9529411764705882,0.5494505494505495,0.8850574712643678,0.65,0.3818687192644858,0.41705882352941176,0.0,0.8888888888888888,0.4311855670103093,0.0078125,0.45180722891566266,0.0,0.2064227206614101,0.9605263529391835,1.0,1.0,0.75,0.007534246575342466
73.82189387396375,15.80772030137364,0.0476987266115072,0.8795180722891566,0.8222222222222222,0.5263157894736842,0.29178082191780824,0.7788461538461539,0.573170731707317,0.5957446808510638,0.8705882352941177,0.7472527472527473,0.896551724137931,0.875,0.6089373530040625,0.6494117647058824,0.0,0.8518518518518519,0.6644329896907216,0.0,0.9407630522088354,0.0033003300330033004,0.5655668682538467,0.6447368627439908,0.6666666666666666,1.0,0.25,0.0136986301369863
72.9596644540163,18.70027173333835,0.05075902522166453,0.7951807228915663,0.5777777777777777,0.15789473684210525,0.6321917808219178,0.6730769230769231,0.45121951219512196,0.5851063829787234,0.9411764705882353,0.5274725274725275,0.8505747126436781,0.6375,0.401967072909985,0.45647058823529413,0.0,0.8796296296296297,0.4520618556701031,0.0,0.5180722891566265,0.000275027502750275,0.36492383066676876,0.8157894588243266,0.8400000254313151,1.0,0.4166666666666667,0.02054794520547945
73.05927331686598,19.33139680966272,0.06903037735148088,0.8313253012048193,0.8444444444444444,0.10526315789473684,0.836986301369863,0.8269230769230769,0.34146341463414637,0.851063829787234,0.9764705882352941,0.5494505494505495,0.9425287356321839,0.6125,0.4177891810989951,0.5152941176470588,0.0,0.9259259259259259,0.4713917525773196,0.0078125,0.4246987951807229,0.000275027502750275,0.3602541529510832,0.8684210509804807,0.9066666920979818,1.0,0.8333333333333334,0.028082191780821917
72.75093026934256,19.887577827877912,0.07809795087798943,0.7710843373493976,0.7111111111111111,0.0,0.9671232876712329,0.7307692307692307,0.2926829268292683,0.7872340425531915,0.9647058823529412,0.45054945054945056,0.896551724137931,0.5125,0.2627752833012615,0.36764705882352944,0.0,0.9259259259259259,0.31572164948453607,0.015625,0.34236947791164657,0.000275027502750275,0.1797060399601929,0.9605263529391835,1.0,1.0,0.75,0.009589041095890411
72.92770176517463,19.241292349604194,0.05775239773116325,0.7710843373493976,0.7111111111111111,0.15789473684210525,0.708904109589041,0.7019230769230769,0.36585365853658536,0.6914893617021277,0.9058823529411765,0.5054945054945055,0.8505747126436781,0.5875,0.43895659610861665,0.5152941176470588,0.0,0.9074074074074074,0.4927835051546392,0.0078125,0.49497991967871485,0.000275027502750275,0.3792007961417745,0.8157894588243266,0.8400000254313151,1.0,0.4166666666666667,0.06232876712328767
75.00535025446464,13.098467594949582,0.04038067338265772,0.7951807228915663,0.5777777777777777,0.631578947368421,0.19383561643835617,0.6826923076923077,0.7195121951219512,0.3617021276595745,0.7058823529411765,0.7802197802197802,0.8160919540229885,0.8125,0.8317297412871499,0.81,0.0,0.7407407407407407,0.8206185567010309,0.046875,0.18674698795180722,0.8184818481848185,0.7585164204240986,0.6447368627439908,0.6666666666666666,1.0,0.25,0.08767123287671233
74.92385762192721,13.445082437083764,0.056918300464366745,0.8313253012048193,0.6888888888888889,0.5789473684210527,0.22876712328767124,0.7403846153846154,0.6829268292682927,0.4574468085106383,0.7529411764705882,0.7912087912087912,0.8620689655172413,0.875,0.975839213170836,0.9664705882352941,0.0,0.7685185185185185,0.9724226804123711,0.03125,0.18875502008032127,0.9722222222222222,0.9643650003827605,0.6447368627439908,0.6666666666666666,1.0,0.25,0.05547945205479452
73.36724770259495,16.697953796809788,0.040226262518635925,0.8192771084337349,0.5111111111111111,0.42105263157894735,0.2815068493150685,0.6538461538461539,0.6585365853658537,0.3829787234042553,0.8352941176470589,0.6703296703296703,0.8390804597701149,0.8,0.5672439598032927,0.6064705882352941,0.0,0.8611111111111112,0.6213917525773196,0.0,0.8343373493975904,0.0016501650165016502,0.416443389726709,0.6447368627439908,0.6666666666666666,1.0,0.25,0.06506849315068493
72.99598695041831,19.487874150695745,0.06782205320885415,0.8313253012048193,0.8222222222222222,0.10526315789473684,0.8691780821917808,0.8076923076923077,0.34146341463414637,0.8297872340425532,0.9882352941176471,0.5274725274725275,0.9425287356321839,0.6,0.39662176608937355,0.49941176470588233,0.0,0.9259259259259259,0.44716494845360827,0.0078125,0.4046184738955823,0.000275027502750275,0.3269539921916864,0.8157894588243266,0.8400000254313151,1.0,0.4166666666666667,0.012328767123287671
73.7169093142461,15.668547025781786,0.043007415621877376,0.8674698795180723,0.6666666666666666,0.5263157894736842,0.2191780821917808,0.7115384615384616,0.6341463414634146,0.46808510638297873,0.8588235294117647,0.7362637362637363,0.8620689655172413,0.875,0.5084455847765662,0.5264705882352941,0.0,0.8425925925925926,0.559020618556701,0.0,0.9176706827309237,0.0022002200220022,0.4569777233407334,0.7105263372537505,0.6933333079020182,0.5,1.0,0.010273972602739725
73.81241276294094,15.517421000657023,0.04041015118415359,0.891566265060241,0.5777777777777777,0.42105263157894735,0.2410958904109589,0.7403846153846154,0.7073170731707317,0.43617021276595747,0.8941176470588236,0.7692307692307693,0.896551724137931,0.9125,0.43617703656189866,0.4429411764705882,0.0,0.8333333333333334,0.4829896907216495,0.0,0.8463855421686747,0.0024752475247524753,0.42647171400137796,0.7105263372537505,0.6933333079020182,0.5,1.0,0.0061643835616438354
73.66736485408202,15.91580494479351,0.046175484773970044,0.8313253012048193,0.8,0.5789473684210527,0.2321917808219178,0.7019230769230769,0.5365853658536586,0.5425531914893617,0.8235294117647058,0.7032967032967034,0.8275862068965517,0.825,0.5815693820825315,0.6217647058823529,0.0,0.8518518518518519,0.6319587628865979,0.0,0.9548192771084337,0.0022002200220022,0.5467350532037051,0.6447368627439908,0.6666666666666666,1.0,0.25,0.023972602739726026
72.80350369001364,19.58083981604723,0.06697873598428183,0.7951807228915663,0.6888888888888889,0.05263157894736842,0.8315068493150685,0.7307692307692307,0.35365853658536583,0.7340425531914894,0.9647058823529412,0.5054945054945055,0.8850574712643678,0.575,0.29762668377164847,0.3841176470588235,0.03333333333333333,0.8981481481481481,0.3427835051546392,0.0234375,0.38755020080321284,0.00055005500550055,0.2168338054045778,0.9605263529391835,1.0,1.0,0.75,0.007534246575342466
72.9311936120331,18.698383875345662,0.05230243662732448,0.7831325301204819,0.5555555555555556,0.10526315789473684,0.6356164383561644,0.6538461538461539,0.43902439024390244,0.574468085106383,0.9176470588235294,0.5164835164835165,0.8390804597701149,0.6125,0.39662176608937355,0.44529411764705884,0.0,0.8796296296296297,0.4479381443298969,0.0,0.5271084337349398,0.000275027502750275,0.3898415371660415,0.8157894588243266,0.8400000254313151,1.0,0.4166666666666667,0.036301369863013695
73.17395379764234,17.83289838563988,0.049821110053650974,0.7349397590361446,0.2,0.2631578947368421,0.2493150684931507,0.5384615384615384,0.7195121951219512,0.20212765957446807,0.7647058823529411,0.5824175824175825,0.7471264367816092,0.7125,0.6899722044045328,0.7441176470588236,0.0,0.9074074074074074,0.7675257731958763,0.0,0.822289156626506,0.0013751375137513752,0.6025415295108322,0.6447368627439908,0.6666666666666666,1.0,0.25,0.16095890410958905
73.8342251618606,15.749344252292218,0.04459124638179435,0.7951807228915663,0.8222222222222222,0.5263157894736842,0.2821917808219178,0.7211538461538461,0.5,0.5957446808510638,0.7764705882352941,0.6813186813186813,0.8160919540229885,0.8,0.5926876202694035,0.6611764705882353,0.0,0.8703703703703703,0.6528350515463918,0.0078125,0.020080321285140562,0.003025302530253025,0.5946949399066065,0.6447368627439908,0.6666666666666666,1.0,0.25,0.01780821917808219
73.07202571161082,19.541092641425166,0.08070303016322244,0.6987951807228916,0.9111111111111111,0.10526315789473684,0.8849315068493151,0.7596153846153846,0.18292682926829268,0.9148936170212766,0.8588235294117647,0.42857142857142855,0.8275862068965517,0.475,0.5276886893307676,0.6717647058823529,0.0,0.9629629629629629,0.5845360824742268,0.0078125,0.4497991967871486,0.0,0.47152262114368826,0.8157894588243266,0.8400000254313151,1.0,0.4166666666666667,0.14726027397260275
73.41195607721062,16.66153432637814,0.04267991186989828,0.7951807228915663,0.5555555555555556,0.42105263157894735,0.29041095890410956,0.6634615384615384,0.6219512195121951,0.425531914893617,0.8,0.6483516483516484,0.8160919540229885,0.7875,0.6097926020953602,0.6652941176470588,0.0,0.8703703703703703,0.665721649484536,0.0078125,0.8403614457831325,0.0016501650165016502,0.49249789481742323,0.6447368627439908,0.6666666666666666,1.0,0.25,0.08904109589041095
73.4588909723242,16.832033474198433,0.047774708456037374,0.7831325301204819,0.6444444444444445,0.42105263157894735,0.3445205479452055,0.6730769230769231,0.5487804878048781,0.5,0.788235294117647,0.6263736263736264,0.8160919540229885,0.75,0.661748984391704,0.7335294117647059,0.0,0.8796296296296297,0.7211340206185567,0.0078125,0.8393574297188755,0.0022002200220022,0.5948480440940059,0.6447368627439908,0.6666666666666666,1.0,0.25,0.10205479452054794
73.03144264282324,18.218999454820434,0.052826221118339345,0.6987951807228916,0.35555555555555557,0.15789473684210525,0.3780821917808219,0.5480769230769231,0.5365853658536586,0.3723404255319149,0.7647058823529411,0.5054945054945055,0.7241379310344828,0.6125,0.6474235621124652,0.7141176470588235,0.0,0.9074074074074074,0.7198453608247423,0.0,0.7530120481927711,0.00055005500550055,0.570657582484881,0.8157894588243266,0.8400000254313151,1.0,0.4166666666666667,0.16575342465753426
73.12107425628362,19.657933643898843,0.08615151646483432,0.8192771084337349,0.9777777777777777,0.05263157894736842,1.0,0.875,0.24390243902439024,0.9893617021276596,0.9882352941176471,0.5054945054945055,0.9655172413793104,0.5625,0.4857814838571734,0.6217647058823529,0.0,0.9629629629629629,0.5404639175257732,0.0,0.3965863453815261,0.000275027502750275,0.40243435657965243,0.8684210509804807,0.9066666920979818,1.0,0.8333333333333334,0.038356164383561646
72.81982461269999,19.749190353314233,0.07401918585418965,0.6746987951807228,0.7555555555555555,0.05263157894736842,0.8486301369863014,0.6634615384615384,0.2073170731707317,0.7872340425531915,0.8470588235294118,0.3956043956043956,0.7816091954022989,0.45,0.38357921744708146,0.5076470588235295,0.0,0.9444444444444444,0.43737113402061856,0.015625,0.4066265060240964,0.000275027502750275,0.35014927658271455,0.8157894588243266,0.8400000254313151,1.0,0.4166666666666667,0.10890410958904109
73.96482496919376,15.594341730015348,0.04339805013850018,0.9036144578313253,0.7777777777777778,0.47368421052631576,0.3089041095890411,0.8173076923076923,0.6341463414634146,0.5851063829787234,0.8941176470588236,0.7802197802197802,0.9310344827586207,0.9,0.45862732520846694,0.4894117647058824,0.0,0.8240740740740741,0.5030927835051546,0.0078125,0.7881526104417671,0.003025302530253025,0.4740488402357804,0.7105263372537505,0.6933333079020182,0.5,1.0,0.015068493150684932
72.95114829329768,18.445785740413992,0.057206363443687236,0.6626506024096386,0.4666666666666667,0.15789473684210525,0.48904109589041095,0.5384615384615384,0.4024390243902439,0.4787234042553192,0.7529411764705882,0.45054945054945056,0.7011494252873564,0.5375,0.6018815480008552,0.6858823529411765,0.0,0.9166666666666666,0.6706185567010309,0.0,0.6817269076305221,0.00055005500550055,0.5815662558370971,0.8157894588243266,0.8400000254313151,1.0,0.4166666666666667,0.17876712328767122
75.03511003622815,13.132808690286833,0.04125417466445935,0.8072289156626506,0.6222222222222222,0.5789473684210527,0.22808219178082192,0.7211538461538461,0.7195121951219512,0.40425531914893614,0.7294117647058823,0.7912087912087912,0.8390804597701149,0.8375,0.8338678640153945,0.8158823529411765,0.0,0.7407407407407407,0.8152061855670103,0.046875,0.19076305220883535,0.8234323432343235,0.7687744009798668,0.6447368627439908,0.6666666666666666,1.0,0.25,0.07671232876712329
72.7852928964208,19.759249747371378,0.07395594041586462,0.7831325301204819,0.7111111111111111,0.0,0.8924657534246575,0.7307692307692307,0.3048780487804878,0.776595744680851,0.9647058823529412,0.4725274725274725,0.8850574712643678,0.5375,0.29955099422706866,0.39941176470588236,0.0,0.9166666666666666,0.35025773195876286,0.015625,0.37751004016064255,0.000275027502750275,0.20914031998775168,0.9605263529391835,1.0,1.0,0.75,0.014383561643835616
73.69268312467442,15.871705629376068,0.04796227085220317,0.8072289156626506,0.8,0.5789473684210527,0.2534246575342466,0.7019230769230769,0.524390243902439,0.5531914893617021,0.8,0.6923076923076923,0.8160919540229885,0.8125,0.6080821039127646,0.6576470588235294,0.0,0.8611111111111112,0.663659793814433,0.0,0.963855421686747,0.0022002200220022,0.5785424481359566,0.6447368627439908,0.6666666666666666,1.0,0.25,0.04041095890410959
75.07999141224367,13.132675020811002,0.04238110077427293,0.8192771084337349,0.6222222222222222,0.5263157894736842,0.23767123287671232,0.7307692307692307,0.7073170731707317,0.425531914893617,0.7294117647058823,0.7912087912087912,0.8505747126436781,0.8375,0.8375026726534103,0.8264705882352941,0.0,0.7407407407407407,0.8193298969072165,0.0546875,0.1897590361445783,0.8325082508250825,0.7806016994564802,0.6447368627439908,0.6666666666666666,1.0,0.25,0.07260273972602739
73.34112516187326,16.98064679172943,0.04074710280255578,0.8554216867469879,0.5333333333333333,0.42105263157894735,0.3267123287671233,0.6826923076923077,0.6707317073170732,0.40425531914893614,0.8941176470588236,0.6703296703296703,0.8735632183908046,0.8125,0.5080179602309173,0.5135294117647059,0.0,0.8425925925925926,0.556958762886598,0.0,0.8112449799196787,0.0019251925192519251,0.35030238077011405,0.9605263529391835,1.0,1.0,0.75,0.036986301369863014
72.9158677615403,18.75323590034707,0.05239430825078495,0.7710843373493976,0.5555555555555556,0.15789473684210525,0.6582191780821918,0.6442307692307693,0.43902439024390244,0.5638297872340425,0.9058823529411765,0.4945054945054945,0.8275862068965517,0.5875,0.41351293564250585,0.46588235294117647,0.0,0.8796296296296297,0.4670103092783505,0.0,0.5371485943775101,0.000275027502750275,0.40331470565719973,0.8157894588243266,0.8400000254313151,1.0,0.4166666666666667,0.16643835616438357
72.81459958698893,19.737015316441376,0.07002190088725113,0.7831325301204819,0.7333333333333333,0.05263157894736842,0.8986301369863013,0.7307692307692307,0.3048780487804878,0.776595744680851,0.9529411764705882,0.4725274725274725,0.8850574712643678,0.5375,0.3072482360487492,0.41058823529411764,0.0,0.9259259259259259,0.35670103092783506,0.015625,0.3755020080321285,0.000275027502750275,0.24561739263568858,0.8157894588243266,0.8400000254313151,1.0,0.4166666666666667,0.030136986301369864
73.71029849078664,15.882542937210085,0.04783088518445466,0.8433734939759037,0.8222222222222222,0.5789473684210527,0.2513698630136986,0.7211538461538461,0.5365853658536586,0.5638297872340425,0.8470588235294118,0.7142857142857143,0.8505747126436781,0.8375,0.6065854180029934,0.6452941176470588,0.0,0.8518518518518519,0.6592783505154639,0.0,0.9738955823293173,0.0024752475247524753,0.5576437265559213,0.6447368627439908,0.6666666666666666,1.0,0.25,0.028082191780821917
74.78664375850616,13.549262120977673,0.04304025888323815,0.8554216867469879,0.6444444444444445,0.5789473684210527,0.2219178082191781,0.7403846153846154,0.7195121951219512,0.425531914893617,0.7764705882352941,0.8021978021978022,0.8735632183908046,0.9,0.8402822322001283,0.8241176470588235,0.0,0.7592592592592593,0.8309278350515464,0.0234375,0.18775100401606426,0.827007700770077,0.8173849804792161,0.6447368627439908,0.6666666666666666,1.0,0.25,0.019178082191780823
73.28172330886296,17.381926875867943,0.04426947995003083,0.7228915662650602,0.4,0.3684210526315789,0.27808219178082194,0.5673076923076923,0.6219512195121951,0.3191489361702128,0.7294117647058823,0.5824175824175825,0.735632183908046,0.7,0.6232627752833012,0.6858823529411765,0.0,0.8888888888888888,0.6853092783505155,0.0,0.7560240963855421,0.0016501650165016502,0.5462757406415065,0.6447368627439908,0.6666666666666666,1.0,0.25,0.13287671232876713
72.91112080038447,18.63209063420706,0.05443032496721423,0.7831325301204819,0.5111111111111111,0.10526315789473684,0.6417808219178082,0.6346153846153846,0.45121951219512196,0.5425531914893617,0.9294117647058824,0.5164835164835165,0.8275862068965517,0.6125,0.34979687834081674,0.3847058823529412,0.0,0.8611111111111112,0.3984536082474227,0.0,0.5120481927710844,0.00055005500550055,0.31317461532572916,0.9605263529391835,1.0,1.0,0.75,0.003424657534246575
73.22036984887276,17.727225335273843,0.05159117689759096,0.6867469879518072,0.3111111111111111,0.3157894736842105,0.2623287671232877,0.5288461538461539,0.6219512195121951,0.2765957446808511,0.6941176470588235,0.5494505494505495,0.7011494252873564,0.6625,0.7062219371391918,0.7905882352941176,0.0,0.9166666666666666,0.7827319587628866,0.0,0.7951807228915663,0.0013751375137513752,0.6444920768583021,0.6447368627439908,0.6666666666666666,1.0,0.25,0.15958904109589042
74.70276025425672,13.833116618439131,0.045270493662251,0.8433734939759037,0.6888888888888889,0.5789473684210527,0.19931506849315067,0.7307692307692307,0.6707317073170732,0.4574468085106383,0.788235294117647,0.7692307692307693,0.8505747126436781,0.8875,0.8477656617489844,0.8394117647058823,0.0,0.7685185185185185,0.8422680412371134,0.0234375,0.1716867469879518,0.8545104510451045,0.811260812983235,0.6447368627439908,0.6666666666666666,1.0,0.25,0.023287671232876714
73.6381433552797,15.831001482303648,0.04279871751291864,0.8313253012048193,0.7555555555555555,0.631578947368421,0.21095890410958903,0.6826923076923077,0.5609756097560976,0.5,0.8352941176470589,0.7032967032967034,0.8275862068965517,0.8375,0.5272610647851187,0.5505882352941176,0.0,0.8425925925925926,0.5737113402061855,0.0,0.9467871485943775,0.0013751375137513752,0.47014468345709254,0.6447368627439908,0.6666666666666666,1.0,0.25,0.015068493150684932
73.91605068610659,15.756247910129883,0.04348878025005887,0.891566265060241,0.8444444444444444,0.47368421052631576,0.3287671232876712,0.8173076923076923,0.573170731707317,0.6382978723404256,0.8823529411764706,0.7582417582417582,0.9080459770114943,0.875,0.5490699166132136,0.5923529411764706,0.0,0.8425925925925926,0.5997422680412371,0.0,0.01606425702811245,0.0033003300330033004,0.5701599938758325,0.6447368627439908,0.6666666666666666,1.0,0.25,0.0821917808219178
72.83314499179333,19.608176779978766,0.06932071330569278,0.7228915662650602,0.7111111111111111,0.05263157894736842,0.7958904109589041,0.6826923076923077,0.2804878048780488,0.7446808510638298,0.8823529411764706,0.43956043956043955,0.8160919540229885,0.5125,0.36626042334830017,0.47352941176470587,0.03333333333333333,0.9259259259259259,0.4154639175257732,0.0234375,0.4166666666666667,0.00055005500550055,0.3163898032611192,0.9605263529391835,1.0,1.0,0.75,0.04246575342465753
73.26778037927798,17.536401634448012,0.04305159458670749,0.7710843373493976,0.3333333333333333,0.3157894736842105,0.27808219178082194,0.5961538461538461,0.6951219512195121,0.2872340425531915,0.788235294117647,0.6263736263736264,0.7816091954022989,0.75,0.627752833012615,0.6805882352941176,0.0,0.8796296296296297,0.6899484536082474,0.0,0.7620481927710844,0.0013751375137513752,0.5812600474622981,0.6447368627439908,0.6666666666666666,1.0,0.25,0.07397260273972603
73.13664142253499,19.61221804426212,0.08129550707165456,0.8192771084337349,0.9777777777777777,0.10526315789473684,0.939041095890411,0.875,0.2682926829268293,0.9680851063829787,0.9882352941176471,0.5274725274725275,0.9540229885057471,0.575,0.47979474021808854,0.6141176470588235,0.0,0.9629629629629629,0.5337628865979381,0.0,0.39558232931726905,0.0,0.4044629870626962,0.8684210509804807,0.9066666920979818,1.0,0.8333333333333334,0.036301369863013695
73.80636188711088,15.80355652502746,0.04841992228243586,0.8554216867469879,0.8222222222222222,0.5263157894736842,0.2897260273972603,0.7596153846153846,0.5609756097560976,0.5851063829787234,0.8470588235294118,0.7362637362637363,0.8735632183908046,0.85,0.6198417789181099,0.6658823529411765,0.0,0.8611111111111112,0.6775773195876289,0.0,0.9497991967871486,0.003025302530253025,0.5792314169792544,0.6447368627439908,0.6666666666666666,1.0,0.25,0.04246575342465753
73.91336214062314,15.833744500786704,0.05116891206469243,0.8554216867469879,0.9111111111111111,0.47368421052631576,0.34315068493150686,0.8076923076923077,0.5121951219512195,0.6808510638297872,0.8470588235294118,0.7252747252747253,0.8850574712643678,0.8375,0.603592046183451,0.6670588235294118,0.0,0.8611111111111112,0.6585051546391752,0.0078125,0.8634538152610441,0.0035753575357535755,0.621296792467274,0.6447368627439908,0.6666666666666666,1.0,0.25,0.09246575342465753
73.4961872721368,16.636330828362613,0.045107066910407445,0.8433734939759037,0.6222222222222222,0.42105263157894735,0.33424657534246577,0.7211538461538461,0.6341463414634146,0.4787234042553192,0.8470588235294118,0.6923076923076923,0.8735632183908046,0.8125,0.6489202480222365,0.7094117647058824,0.0,0.8703703703703703,0.7051546391752578,0.0,0.8634538152610441,0.0019251925192519251,0.5789634846513052,0.6447368627439908,0.6666666666666666,1.0,0.25,0.036301369863013695
73.23812178072875,17.487693457434915,0.041795921376812206,0.7710843373493976,0.3111111111111111,0.3157894736842105,0.2684931506849315,0.5865384615384616,0.7073170731707317,0.26595744680851063,0.788235294117647,0.6153846153846154,0.7816091954022989,0.75,0.5982467393628395,0.6376470588235295,0.0,0.8703703703703703,0.6577319587628866,0.0,0.7590361445783133,0.0013751375137513752,0.539041567786879,0.6447368627439908,0.6666666666666666,1.0,0.25,0.08150684931506849
73.68239433730008,15.893582169621828,0.04607786406947989,0.8313253012048193,0.8,0.5789473684210527,0.24246575342465754,0.7115384615384616,0.5487804878048781,0.5425531914893617,0.8352941176470589,0.7032967032967034,0.8390804597701149,0.8375,0.5800726961727604,0.6170588235294118,0.0,0.8518518518518519,0.6301546391752577,0.0,0.9608433734939759,0.0022002200220022,0.5430605527061165,0.6447368627439908,0.6666666666666666,1.0,0.25,0.03767123287671233
73.88046347781193,15.650859151584372,0.04483332984039934,0.8795180722891566,0.7555555555555555,0.47368421052631576,0.28493150684931506,0.7788461538461539,0.6097560975609756,0.5638297872340425,0.8823529411764706,0.7582417582417582,0.896551724137931,0.8875,0.5037417147744281,0.5347058823529411,0.0,0.8425925925925926,0.5536082474226804,0.0,0.8514056224899599,0.003025302530253025,0.5155017989742019,0.7105263372537505,0.6933333079020182,0.5,1.0,0.04041095890410959
73.32551245669832,17.447110448980595,0.04413804923516196,0.7469879518072289,0.4444444444444444,0.3684210526315789,0.30273972602739724,0.6153846153846154,0.6341463414634146,0.3617021276595745,0.7647058823529411,0.6043956043956044,0.7816091954022989,0.725,0.6414368184733804,0.7076470588235294,0.0,0.8888888888888888,0.7025773195876288,0.0,0.748995983935743,0.0016501650165016502,0.6049529204623747,0.6447368627439908,0.6666666666666666,1.0,0.25,0.12054794520547946
74.78902149561269,13.65367537695781,0.046851479114851324,0.8554216867469879,0.6888888888888889,0.5789473684210527,0.22123287671232877,0.75,0.6951219512195121,0.4574468085106383,0.7764705882352941,0.8021978021978022,0.8735632183908046,0.9,0.868933076758606,0.8629411764705882,0.0,0.7685185185185185,0.8657216494845361,0.0234375,0.17971887550200802,0.8682618261826183,0.8446758018831815,0.6447368627439908,0.6666666666666666,1.0,0.25,0.01986301369863014
73.3140086008927,17.415342291312154,0.04124861967737159,0.7951807228915663,0.4222222222222222,0.3684210526315789,0.31438356164383563,0.6346153846153846,0.6829268292682927,0.3404255319148936,0.8235294117647058,0.6263736263736264,0.8275862068965517,0.775,0.6155655334616207,0.6611764705882353,0.0,0.8703703703703703,0.6724226804123712,0.0,0.7560240963855421,0.0016501650165016502,0.5525147362780372,0.6447368627439908,0.6666666666666666,1.0,0.25,0.07123287671232877
77.40583018473855,8.252835531450803,0.05738345588728144,0.4939759036144578,0.4,0.7894736842105263,0.08904109589041095,0.36538461538461536,0.5487804878048781,0.1595744680851064,0.4823529411764706,0.45054945054945056,0.47126436781609193,0.4875,0.10711994868505452,0.009411764705882352,0.8,0.05555555555555555,0.01958762886597938,0.796875,0.19578313253012047,0.0858085808580858,0.2290055883028401,0.6447368627439908,0.6666666666666666,1.0,0.25,0.426027397260274
73.5092744382007,15.97260785590582,0.04169341758510414,0.7590361445783133,0.6444444444444445,0.5789473684210527,0.2095890410958904,0.6153846153846154,0.5487804878048781,0.43617021276595747,0.7411764705882353,0.6483516483516484,0.7586206896551724,0.775,0.5326063716057302,0.5758823529411765,0.0,0.8518518518518519,0.5855670103092784,0.0,0.8795180722891566,0.0011001100110011,0.5037893286381383,0.6447368627439908,0.6666666666666666,1.0,0.25,0.08493150684931507
72.9539334213648,18.591896625484402,0.05368097795816229,0.7951807228915663,0.5333333333333333,0.10526315789473684,0.6082191780821918,0.6442307692307693,0.45121951219512196,0.5531914893617021,0.9294117647058824,0.5274725274725275,0.8390804597701149,0.625,0.3902073979046397,0.4388235294117647,0.0,0.8703703703703703,0.44072164948453607,0.0,0.5311244979919679,0.00055005500550055,0.3586465589833882,0.9605263529391835,1.0,1.0,0.75,0.008904109589041096
73.54581702866803,16.14797276083434,0.04146550135685867,0.8192771084337349,0.6666666666666666,0.5263157894736842,0.25753424657534246,0.6923076923076923,0.6097560975609756,0.46808510638297873,0.8117647058823529,0.7032967032967034,0.8390804597701149,0.825,0.5296129997861877,0.5629411764705883,0.0,0.8333333333333334,0.5760309278350515,0.0078125,0.8463855421686747,0.0013751375137513752,0.5064303758707801,0.9605263529391835,1.0,1.0,0.75,0.028082191780821917
73.03612354837747,18.135029273946294,0.044536763616089825,0.7710843373493976,0.28888888888888886,0.21052631578947367,0.33356164383561643,0.5673076923076923,0.6585365853658537,0.2872340425531915,0.8352941176470589,0.5824175824175825,0.7816091954022989,0.7,0.5905494975411588,0.6217647058823529,0.0,0.8888888888888888,0.6582474226804124,0.0,0.748995983935743,0.0008250825082508251,0.49908137487560283,0.8157894588243266,0.8400000254313151,1.0,0.4166666666666667,0.045205479452054796
74.92838909292718,13.378350645598918,0.04683779514547792,0.8554216867469879,0.6444444444444445,0.5789473684210527,0.23972602739726026,0.7596153846153846,0.7317073170731707,0.43617021276595747,0.7764705882352941,0.8131868131868132,0.8850574712643678,0.8875,0.8905281163138764,0.8705882352941177,0.0,0.75,0.8734536082474227,0.03125,0.19477911646586346,0.8795379537953796,0.8698997167572533,0.6447368627439908,0.6666666666666666,1.0,0.25,0.03561643835616438
72.98945724911242,18.21362123150265,0.04268761933111309,0.7710843373493976,0.3111111111111111,0.21052631578947367,0.3835616438356164,0.5769230769230769,0.6341463414634146,0.3191489361702128,0.8588235294117647,0.5714285714285714,0.7931034482758621,0.6875,0.5152875775069489,0.5352941176470588,0.0,0.8703703703703703,0.5765463917525773,0.0,0.6957831325301205,0.00055005500550055,0.4388731531807395,0.8157894588243266,0.8400000254313151,1.0,0.4166666666666667,0.03219178082191781
